,Male,Female
0,matheus,camila
1,davi,mariana
2,bernardo,lara
3,felipe,leticia
4,bruno,amanda
5,vinicius,valentina
6,heitor,yasmin
7,henrique,luana
8,rodrigo,helena
9,lorenzo,sophia
10,samuel,juliana
11,eduardo,bruna
12,benjamim,rebeca
13,diego,fernanda
14,leonardo,manuela
15,nicolas,isadora
16,daniel,aline
17,antonio,giovanna
18,jose,lorena
19,thiago,vitoria
20,alexandre,jessica
21,carlos,bianca
22,andre,vanessa
23,vitor,livia
24,noah,sara
25,caio,cecilia
26,paulo,nicole
27,caleb,luiza
28,bryan,carolina
29,marcos,rafaela
30,francisco,luna
31,tiago,milena
32,fernando,ester
33,victor,heloisa
34,pietro,sabrina
35,yuri,thais
36,gael,emily
37,marcelo,daniela
38,joaquim,ana
39,joao,maria
40,leandro,adriana
41,ricardo,eduarda
42,murilo,barbara
43,luiz,patricia
44,anderson,brenda
45,pedro,isabella
46,igor,lais
47,diogo,raquel
48,theo,lavinia
49,fabio,priscila
50,luan,marina
51,emanuel,caroline
52,jonathan,debora
53,lucifer,natalia
54,breno,catarina
55,david,isabel
56,william,alana
57,renan,giovana
58,augusto,emilly
59,douglas,isis
60,levi,eloa
61,wesley,raissa
62,danilo,sarah
63,filipe,talita
64,jesus,stephanie
65,israel,marcela
66,erick,jaqueline
67,kaua,hadassa
68,isaac,renata
69,artur,joana
70,caua,luisa
71,kauan,rayane
72,luis,andressa
73,isaque,cristina
74,jefferson,ingrid
75,ryan,clara
76,adriano,geovana
77,silva,diana
78,maicon,agata
79,vicente,alicia
80,hugo,sandra
81,benicio,evelyn
82,teo,pietra
83,renato,jennifer
84,edson,marcia
85,ariel,alessandra
86,ruan,tatiana
87,alan,mayara
88,wellington,ayla
89,kevin,elisa
90,saulo,claudia
91,otavio,maite
92,luciano,janaina
93,alex,graziela
94,benjamin,gabrielle
95,yan,elaine
96,marcio,kelly
97,robson,taina
98,jorge,erica
99,kaique,maya
100,giovanni,nina
101,moises,viviane
102,lucca,gisele
103,roberto,carla
104,alison,tais
105,ian,nathalia
106,italo,samara
107,jonas,pamela
108,junior,mirela
109,iago,adriele
110,emerson,liz
111,sergio,simone
112,nathan,paula
113,richard,michele
114,cesar,aurora
115,willian,eliane
116,icaro,karen
117,kaue,antonella
118,ravi,poliana
119,jean,tamires
120,oliveira,monica
121,pablo,flavia
122,tales,fatima
123,thomas,laiane
124,everton,roberta
125,elias,karina
126,julio,iris
127,tomas,andreia
128,bento,joyce
129,enzo,esther
130,cristiano,tainara
131,mauricio,victoria
132,josue,rosana
133,henry,rita
134,rogerio,nayara
135,santos,cintia
136,anthony,micaela
137,claudio,giulia
138,fabricio,ohana
139,ramon,laisa
140,michael,louise
141,flavio,olivia
142,harry,emanuelly
143,ronaldo,emmanuelle
144,raul,lorraine
145,alessandro,regina
146,wagner,ellen
147,mario,perola
148,luca,marta
149,patrick,agatha
150,ivan,isabele
151,frederico,franciele
152,adrian,gabriele
153,enrico,maisa
154,ezequiel,sonia
155,micael,fabiana
156,raphael,lia
157,juan,kiara
158,alvaro,manuella
159,natan,paola
160,ismael,miriam
161,marlon,paloma
162,eric,clarice
163,kaio,lis
164,manoel,ariane
165,antony,geovanna
166,adriel,monique
167,apolo,eva
168,martim,francisca
169,estevao,danielle
170,christian,valeria
171,afonso,jade
172,wilson,safira
173,jackson,alexandra
174,efraim,erika
175,oliver,alexia
176,john,sueli
177,abner,lucia
178,sebastiao,eloah
179,wanderson,samira
180,allan,elisangela
181,nelson,eliana
182,aquiles,dayane
183,brian,sophie
184,pereira,rosangela
185,souza,aisha
186,santiago,silvana
187,manuel,jenifer
188,raimundo,ludmila
189,rui,natalie
190,wallace,marlene
191,juliano,michelle
192,ferreira,solange
193,wendel,veronica
194,fabiano,karine
195,gilberto,isabelly
196,reginaldo,denise
197,thor,laila
198,michel,iara
199,rian,kamila
200,kelvin,vania
201,mauro,cristiana
202,denis,sheila
203,rodrigues,antonia
204,taylor,angela
205,zayn,betina
206,caique,carol
207,gomes,elizabeth
208,brayan,mariah
209,jaco,edna
210,geraldo,thalia
211,adao,agnes
212,kaleb,diane
213,oseias,rayssa
214,simao,dandara
215,clayton,marisa
216,joel,lana
217,marco,rute
218,joshua,cibele
219,klaus,anita
220,louis,vivian
221,akira,izabele
222,otto,carina
223,evandro,ines
224,lourenco,katia
225,alves,estela
226,castiel,cristiane
227,alberto,tania
228,dante,iasmin
229,rodolfo,karoline
230,geovane,natasha
231,dominic,isabelle
232,matias,hannah
233,angelo,mara
234,sandro,marilia
235,caue,malu
236,washington,silvia
237,james,lidia
238,rubens,kaylane
239,abraao,margarida
240,lazaro,maira
241,isaias,stefany
242,galileu,eloisa
243,pierre,thamires
244,maria,rosa
245,andrew,andrea
246,derick,samantha
247,nuno,hellen
248,helio,morgana
249,erik,noemi
250,eliseu,joice
251,robert,melina
252,goncalo,jamile
253,luigi,suellen
254,derek,celia
255,max,maia
256,christopher,suelen
257,jhonatan,joseane
258,inacio,daiane
259,niall,andreza
260,silas,vera
261,romulo,jacqueline
262,leo,lidiane
263,celso,daniele
264,reinaldo,manoela
265,ethan,suzana
266,sidney,teresa
267,aruna,yara
268,nicholas,neusa
269,edgar,bella
270,manasses,susana
271,vanderlei,queren
272,edilson,anne
273,mathias,maiara
274,cassio,kimberly
275,dimitri,leila
276,tulio,cassia
277,higor,leonor
278,vagner,mel
279,osvaldo,liliane
280,almeida,zoe
281,zeus,gabrielly
282,uriel,angelica
283,lucio,luciene
284,valentim,thaina
285,lima,elis
286,eli,luma
287,walter,karla
288,marques,stella
289,duarte,emanuela
290,gilmar,kesia
291,martina,elisabete
292,abel,ligia
293,eliel,marjorie
294,damon,jane
295,eros,katherine
296,hector,elena
297,salomao,luara
298,cicero,yasmim
299,eder,neide
300,valdir,eliza
301,cleiton,ketlyn
302,vieira,conceicao
303,carvalho,layla
304,orlando,alisson
305,xavier,dominique
306,jeremias,deise
307,adilson,camille
308,teodoro,nicolly
309,kalebe,tayla
310,charles,nadia
311,jairo,kamilly
312,nilson,selma
313,ruben,dalila
314,whindersson,nubia
315,leon,madalena
316,tito,anna
317,edmilson,samanta
318,roger,valquiria
319,lucas,aysha
320,caetano,quezia
321,cleber,rosilene
322,ademir,evelin
323,ivo,amelia
324,edvaldo,ruth
325,jacob,rose
326,humberto,kauane
327,ulisses,raisa
328,jailson,aparecida
329,abrao,lucimar
330,sebastian,evellyn
331,zaqueu,angelina
332,cassiano,analu
333,ribeiro,mia
334,jaime,yohanna
335,isac,mikaelly
336,milton,abigail
337,jair,taiane
338,gerson,charlotte
339,benedito,clarissa
340,neymar,josiane
341,george,josefa
342,denilson,ariana
343,nascimento,soraia
344,saymon,acsa
345,matteo,naomi
346,dylan,lauren
347,moacir,helen
348,cauan,tereza
349,thales,emilia
350,tobias,marilene
351,domingos,pandora
352,silvio,shirley
353,jesse,mariane
354,esdras,vilma
355,hudson,matilde
356,gustavo,joelma
357,romeu,kira
358,miqueias,jussara
359,nilton,bia
360,mikhael,isa
361,conrado,nara
362,jack,roseli
363,adam,terezinha
364,misael,melanie
365,cristian,ananda
366,joseph,janete
367,arthur,yumi
368,lincoln,milene
369,aaron,irene
370,lopes,annie
371,andrade,celina
372,severino,carmen
373,osmar,camilly
374,christofer,rosemeire
375,donald,telma
376,magno,melinda
377,thierry,karol
378,messias,mirian
379,edward,ivone
380,logan,julie
381,ben-hur,elza
382,gregorio,rafaella
383,aquila,tabata
384,queiroz,dara
385,dario,eunice
386,atila,aylla
387,jeferson,cristal
388,gilson,emanuelle
389,ygor,filipa
390,raoni,heloise
391,armando,flora
392,kleber,francine
393,olavo,clarisse
394,eliezer,sasha
395,savio,tamara
396,deus,raimunda
397,justin,naiara
398,peterson,leandra
399,soares,anabela
400,valmir,jasmine
401,theodoro,cleonice
402,santana,deborah
403,valter,lourdes
404,alexander,marli
405,murillo,gislaine
406,noe,jordana
407,enoque,olga
408,saul,ashley
409,vinicios,kyara
410,araujo,lua
411,kaleo,dilma
412,peter,glaucia
413,calebe,thaynara
414,oscar,akemi
415,elton,elizabete
416,vladimir,monalisa
417,claudinei,jeane
418,tarcisio,lamia
419,josias,miria
420,josemar,izabel
421,bartolomeu,catia
422,zion,thalita
423,jo,jasmim
424,neemias,betania
425,ronald,dalva
426,moura,antonela
427,jeova,valdirene
428,charlie,jaine
429,helder,giselle
430,rai,nilza
431,yanni,hilary
432,arnaldo,chloe
433,petrus,fabiola
434,borges,hanna
435,valdeci,mayra
436,rhuan,thayna
437,heron,meire
438,almir,elen
439,caina,nicoly
440,odair,andresa
441,ivanildo,iracema
442,franklin,duda
443,nick,emanuele
444,salvador,vanda
445,henri,adriane
446,dionisio,mirella
447,vicenzo,barbie
448,samir,sandy
449,marcus,emma
450,alejandro,gabriely
451,deivid,lisa
452,hercules,kenia
453,nicollas,catherine
454,celio,roseane
455,serafim,virginia
456,batista,ivana
457,bob,ariadne
458,edivaldo,katarina
459,goncalves,edilene
460,caim,mary
461,nata,cleusa
462,lola,stela
463,costa,angel
464,riquelme,amora
465,mendes,leide
466,neto,salete
467,maciel,gabriella
468,tadeu,selena
469,gleison,stephany
470,romario,ariele
471,joabe,suely
472,pinto,mila
473,cunha,gleice
474,salatiel,kauany
475,nivaldo,nair
476,amon,ravena
477,obede,daiana
478,leonel,socorro
479,agnaldo,esmeralda
480,vasco,iolanda
481,sansao,gessica
482,sam,dora
483,ailton,eloise
484,simon,elida
485,ernesto,hana
486,elvis,serena
487,fagner,meg
488,nicolau,lucy
489,sidnei,regiane
490,camilo,leia
491,wilian,fabiane
492,mohammed,beatrice
493,ubirajara,gloria
494,lauro,elsa
495,tony,penelope
496,querubim,magda
497,kalil,dulce
498,edmar,gilmara
499,tyler,jamilly
500,rene,aghata
501,baltazar,mikaela
502,laercio,gabrieli
503,dinis,julieta
504,juarez,liliana
505,hades,ivonete
506,ben,lilith
507,damiao,odete
508,nabucodonosor,rubia
509,frank,carmem
510,valdemar,dione
511,eloi,tamiris
512,albuquerque,benedita
513,tome,teodora
514,irineu,arlete
515,wanderley,zilda
516,demetrio,lucilene
517,mizael,adelaide
518,hamilton,afrodite
519,moreira,atena
520,dimas,vanusa
521,germano,jaciara
522,davidson,jurema
523,tom,mafalda
524,adalberto,linda
525,phelipe,emanueli
526,itamar,lorrane
527,zacarias,iraci
528,brito,natacha
529,naama,nataly
530,cezar,anastacia
531,clovis,marie
532,athos,rachel
533,brendo,gaia
534,airton,muriel
535,ednaldo,miranda
536,anselmo,eliete
537,youssef,graca
538,donizete,larissa
539,lourenzo,sulamita
540,ken,renesmee
541,gabriel,aimee
542,eliabe,rosemary
543,ezequias,potira
544,valdinei,estefania
545,epaminondas,karolina
546,aurelio,juliane
547,brendon,carmo
548,enrique,marinalva
549,olimpio,margarete
550,darci,filomena
551,boris,sarai
552,valentin,nilda
553,timoteo,isabelli
554,boaz,moana
555,simeao,kaila
556,altair,karolaine
557,darlan,penina
558,eugenio,kefera
559,welington,talia
560,fonseca,sebastiana
561,albert,stefani
562,allyson,zara
563,djalma,hosana
564,junio,sirlene
565,ronny,ada
566,ramses,amabile
567,ari,elizete
568,ramos,hilda
569,omar,barbosa
570,diogenes,zelia
571,arao,loren
572,moraes,lurdes
573,melo,mariele
574,vitorio,leidiane
575,aparecido,maristela
576,eudes,desiree
577,ubiratan,chiara
578,hermes,alzira
579,morais,claudete
580,arlindo,dayse
581,anael,alanis
582,ciro,soraya
583,everaldo,zaira
584,henrico,leda
585,jeronimo,isaura
586,maximiliano,giuliana
587,atos,celeste
588,ronan,luciane
589,rick,nazare
590,juda,violeta
591,guto,magali
592,haniel,mirelle
593,viana,greice
594,edmundo,ludimila
595,regis,cassandra
596,oziel,judite
597,jurandir,thamiris
598,enos,quesia
599,guido,thayla
600,ayala,ivy
601,yudi,ivete
602,emilio,cora
603,estevan,adele
604,jacinto,nayra
605,quemuel,rosane
606,gaspar,lily
607,guilherme,valentine
608,marcelino,jamily
609,lorran,anahi
610,roque,kellen
611,scott,josi
612,avila,iana
613,ademar,melody
614,amorim,mari
615,eike,estefani
616,hazel,noemia
617,yure,felicia
618,jardel,rejane
619,nataniel,bernadete
620,ruda,laura
621,genivaldo,tarsila
622,elder,naira
623,teddy,cicera
624,josafa,jandira
625,plinio,nadir
626,antoni,pilar
627,ananias,lucineide
628,esau,kate
629,assis,leona
630,maximus,leonidas
631,erico,thays
632,brandon,xuxa
633,aldo,raira
634,pires,gisela
635,nikolas,damiana
636,axel,juraci
637,macgyver,cloe
638,adonis,cida
639,valdemir,alda
640,azevedo,charlote
641,manu,hermione
642,melquisedeque,marinete
643,jadson,cynthia
644,jordao,cleo
645,wilton,jacira
646,patricio,ione
647,adolfo,dina
648,stefan,eliene
649,yves,zenaide
650,toby,noa
651,haroldo,aurea
652,harley,kim
653,miguel,severina
654,etienne,eugenia
655,malaquias,edileusa
656,ayrton,petra
657,ederson,damaris
658,chico,georgia
659,agostinho,ivani
660,jamal,ingride
661,joelson,gaby
662,sete,elenice
663,cleyton,megan
664,johnny,candida
665,acacio,adelia
666,hunter,alanna
667,rocha,micaele
668,talles,antonieta
669,otoniel,elise
670,silvano,ursula
671,hideki,amalia
672,laerte,branca
673,ibrahim,goreti
674,welton,maura
675,dalton,scarlet
676,didimo,pamella
677,noel,amy
678,nycolas,berenice
679,lourival,lina
680,eliaquim,yolanda
681,gilvan,stefanie
682,haley,jemima
683,cosme,cilene
684,alcides,nivea
685,jave,janine
686,venancio,daisy
687,penha,janice
688,alencar,cinara
689,kai,ieda
690,narciso,silmara
691,americo,aiko
692,adiel,luise
693,pacheco,ilana
694,airon,nice
695,lino,rubi
696,sales,marilda
697,ranieri,blue
698,wellerson,valesca
699,magalhaes,suri
700,hiroshi,alba
701,aguinaldo,carolaine
702,valdomiro,wilma
703,evaldo,eleonora
704,spike,adria
705,heleno,marly
706,barnabe,audrey
707,jimmy,valdete
708,bill,quiteria
709,ageu,maike
710,juscelino,venus
711,roney,francis
712,harrison,naiane
713,ramiro,tabita
714,nico,lea
715,morfeu,frida
716,paco,aime
717,adonai,grace
718,romero,amelie
719,vincenzo,fabricia
720,kaneki,sthefanny
721,weverton,zenilda
722,aldair,edite
723,enio,crislaine
724,amadeu,jessie
725,marvin,angelita
726,zack,myrella
727,euclides,jaci
728,horacio,gisleine
729,elcana,irani
730,ezra,josiana
731,nildo,kassia
732,hian,ilda
733,dirceu,guilhermina
734,nilo,marcelle
735,franco,creuza
736,brandao,josefina
737,uahoomanaokahaku,holly
738,dilan,kailani
739,aires,margot
740,manuele,elvira
741,barata,lindalva
742,vincent,geralda
743,leopoldo,elisabeth
744,adelino,cassiane
745,clemente,sirley
746,aloisio,salome
747,silvestre,marcilene
748,octavio,luzinete
749,genilson,fabia
750,baruc,verena
751,fausto,elane
752,nunes,selene
753,expedito,rosalia
754,rivaldo,sefora
755,azael,sol
756,seth,taissa
757,paulino,neiva
758,perseu,ramona
759,takashi,veridiana
760,amos,acucena
761,percy,cris
762,romildo,ivanete
763,candido,marianne
764,zeca,augusta
765,odilon,agar
766,alonso,lisiane
767,aecio,eulalia
768,zaki,pricila
769,valentino,ema
770,dias,amara
771,egon,aria
772,diniz,kathleen
773,juca,kalina
774,benoni,luci
775,estevam,gilda
776,elson,doralice
777,valerio,cleia
778,carmelo,davila
779,uriah,jezabel
780,constantino,sofie
781,golias,tiffany
782,clodoaldo,lucelia
783,khalil,norma
784,marinho,juliete
785,edgard,margareth
786,xama,paulina
787,iori,adelina
788,alyson,queila
789,stanley,keli
790,dan,florence
791,erasmo,violetta
792,ralph,alcione
793,cardoso,dirce
794,salvatore,wendy
795,getulio,darlene
796,filippo,kristen
797,custodio,irina
798,mariano,artemis
799,ezio,olinda
800,lohan,bibiana
801,spencer,raven
802,ronildo,pollyanna
803,mustafa,eveline
804,jarbas,yanka
805,homero,anabel
806,everson,ednalva
807,paiva,magna
808,norberto,raabe
809,marcondes,alessa
810,horus,agda
811,pericles,diva
812,elio,mabel
813,basilio,astrid
814,bastos,zilma
815,eraldo,brigida
816,walace,kely
817,bruce,cacilda
818,antunes,viviana
819,luke,shirlei
820,gildo,khadija
821,francesco,yoko
822,sabino,blenda
823,firmino,alina
824,onofre,larisa
825,teofilo,nancy
826,tacio,anastasia
827,johnson,leone
828,jason,celma
829,marcel,drielle
830,acabe,ruana
831,waldir,carlota
832,rodney,lila
833,hans,dolores
834,heber,marines
835,cristovao,dorcas
836,anibal,giullia
837,cirilo,brenna
838,ulysses,idalina
839,austin,rosimeri
840,gil,edina
841,oto,zulmira
842,ximenes,luz
843,pascoal,carmelita
844,azarias,mercedes
845,abilio,joselia
846,nestor,neli
847,drew,julianne
848,valdivino,danila
849,chuck,yasmine
850,rubem,donatella
851,doris,acacia
852,assuero,imaculada
853,claudemir,glenda
854,marivaldo,samia
855,ettore,zuleide
856,baruque,hagata
857,justino,eloiza
858,agenor,flaviane
859,urias,gal
860,isidoro,greta
861,adair,jerusa
862,eleazar,yonara
863,florencio,perla
864,mike,analia
865,alec,leilane
866,henderson,celine
867,lionel,margo
868,fulvio,lena
869,apolinario,tamar
870,cabral,keity
871,jupiter,gina
872,leal,arabela
873,sampaio,francesca
874,radames,fiona
875,magdiel,claire
876,divino,creusa
877,emile,jasmin
878,nino,esperanca
879,ebenezer,rosario
880,valdo,annabeth
881,genival,gerlane
882,elliot,romilda
883,virgilio,vasti
884,judas,belinda
885,killian,karin
886,said,lydia
887,keith,nefertari
888,ailson,winnie
889,raj,domingas
890,kaled,nilce
891,calixto,malika
892,caled,otilia
893,dorival,naara
894,ted,charlene
895,michelangelo,cremilda
896,kyle,arlene
897,freitas,albertina
898,juvenal,iza
899,couto,beth
900,ronei,heidi
901,galdino,ella
902,lee,christiane
903,larry,hinata
904,augustus,lucinda
905,edipo,lissandra
906,theodore,lolita
907,rinaldo,mirtes
908,castilho,wanda
909,eneias,bonnie
910,newton,polly
911,feliciano,ashiley
912,fabrizio,aida
913,mota,emi
914,nabal,iria
915,raiden,adila
916,magnus,jael
917,ellis,lucrecia
918,jamil,guadalupe
919,aluisio,joseline
920,cipriano,mahina
921,nicodemus,lacerda
922,janio,corina
923,fidelis,claudiana
924,januario,melisa
925,gamaliel,gerusa
926,esteves,aiyra
927,jeffrey,phoebe
928,evanildo,rosely
929,marley,yarin
930,renner,gertrudes
931,faustino,alaide
932,gomer,jessy
933,atlas,martha
934,muniz,ofelia
935,naldo,chelsea
936,denzel,whitney
937,crispim,constanca
938,aramis,zuleica
939,paolo,aaliyah
940,donato,marla
941,josh,catrina
942,romualdo,suzy
943,adelmo,anelise
944,osni,jamila
945,maurilio,opala
946,valdemiro,lucineia
947,jetro,dulcineia
948,tommy,ticiana
949,uziel,sakura
950,evaristo,graciela
951,ernani,demetria
952,honorio,edith
953,fortunato,molly
954,marcilio,avalon
955,amin,yona
956,robin,alexa
957,albino,jacinta
958,agamenon,tiana
959,ataide,nilma
960,ney,laurinda
961,heinz,andreina
962,roberval,hera
963,antenor,neila
964,baco,giane
965,nei,judith
966,hilton,marcelina
967,cornelio,junia
968,aristides,deolinda
969,venceslau,edilaine
970,odin,tammy
971,anacleto,geni
972,claudionor,bete
973,genesio,dalia
974,abelardo,guiomar
975,pedroso,edivania
976,trevor,mercia
977,natal,liliam
978,benito,herica
979,fenix,eleonor
980,demetrius,gleyce
981,adauto,madeleine
982,felicio,davina
983,morgan,mirna
984,draco,giseli
985,amauri,adalgisa
986,joas,bela
987,fabian,suzi
988,jaziel,rebekah
989,honorato,aruana
990,felisberto,walesca
991,albano,walquiria
992,aleixo,clair
993,decio,lane
994,habib,cyndi
995,tyson,irma
996,duane,america
997,neftali,josenilda
998,hazael,nivia
999,herbert,marjory
1000,sean,aide
1001,livio,moema
1002,owen,juno
1003,ribamar,karolyn
1004,aquino,marise
1005,adonias,kylie
1006,asher,lys
1007,chris,zaila
1008,aldemiro,trinity
1009,toni,keiko
1010,faruk,kammille
1011,gervasio,mahara
1012,rico,evangeline
1013,jafe,neia
1014,glauber,zila
1015,astrogildo,lissa
1016,ren,felipa
1017,conan,rosaria
1018,hilario,palmira
1019,dexter,georgina
1020,cam,edneia
1021,danton,kali
1022,severo,nanci
1023,adrien,lenita
1024,pora,elma
1025,elisio,rochelle
1026,minerva,emilie
1027,marceline,dorothy
1028,jacques,josilene
1029,zuriel,pedrina
1030,mohammad,cassiana
1031,wilmar,ranya
1032,silverio,freya
1033,hani,dagmar
1034,lemuel,micheline
1035,wendler,giordana
1036,rex,lorrana
1037,zaniel,xanadu
1038,milan,gilvaneide
1039,jader,dejanira
1040,clecio,najla
1041,nadabe,sonja
1042,tiberio,helia
1043,giacomo,magnolia
1044,paul,galadriel
1045,gedeao,olimpia
1046,florisvaldo,lenice
1047,emiliano,alva
1048,ibraim,almerinda
1049,ives,oriana
1050,olegario,cleopatra
1051,durval,genoveva
1052,yannis,zelda
1053,beni,drica
1054,nazareno,ninive
1055,evangelista,lucila
1056,lameque,thatiana
1057,nero,lavinea
1058,herodes,isolda
1059,orfeu,lya
1060,xerxes,samela
1061,laurence,brigite
1062,teobaldo,dakota
1063,egidio,edmara
1064,ferraz,susi
1065,piero,heike
1066,ondina,evelise
1067,schneider,rhana
1068,adalton,edineia
1069,ozzy,eleanor
1070,ali,rogeria
1071,godofredo,edwiges
1072,fred,xena
1073,kenneth,eurides
1074,salim,arminda
1075,hipolito,flor
1076,jared,kaiki
1077,othon,josie
1078,josiel,khyara
1079,rubio,doroteia
1080,epifanio,mariel
1081,uzias,mi-cha
1082,adailton,nora
1083,taciano,indira
1084,osiris,geruza
1085,pavel,genevieve
1086,darwin,niara
1087,martinho,helene
1088,anastacio,joaquina
1089,celestino,florinda
1090,bonifacio,hortensia
1091,boaventura,glauce
1092,tercio,belle
1093,filemon,mabelle
1094,wolf,eni
1095,athila,bartira
1096,estanislau,mona
1097,carlo,graciane
1098,kale,alessia
1099,oton,jeanne
1100,clark,alexandrina
1101,lindomar,orquidea
1102,alam,felicity
1103,alipio,mainara
1104,galvao,melani
1105,rudson,cameron
1106,ozias,nelly
1107,romano,frances
1108,yani,clotilde
1109,bras,emiliana
1110,ismar,aryana
1111,zola,kendall
1112,kristopher,zafira
1113,jhon,elizandra
1114,eusebio,berta
1115,herculano,gleide
1116,herminio,iona
1117,olivio,nadi
1118,escobar,adeline
1119,havilah,khloe
1120,antero,kika
1121,ubiraci,hercilia
1122,carlito,romana
1123,jarede,ilka
1124,cristo,joan
1125,cosmo,lyssa
1126,piata,lucilia
1127,torquato,maressa
1128,napoleao,fanny
1129,marino,carmela
1130,herminia,lyandra
1131,eleuterio,mayla
1132,peixoto,marisol
1133,riley,elissa
1134,romao,eileen
1135,shin,julliana
1136,sasuke,regia
1137,alair,claudine
1138,jordan,aurelia
1139,shiva,alma
1140,alceu,lizandra
1141,gregor,lorenza
1142,calisto,zarah
1143,goias,violet
1144,socrates,arlinda
1145,asael,leah
1146,wolfgang,pauline
1147,javier,yeda
1148,calvin,zahara
1149,ugo,malvina
1150,glaucio,dinah
1151,dagoberto,gioconda
1152,naim,mira
1153,fuyuki,daphne
1154,armindo,jocasta
1155,rildo,adrienne
1156,padilha,gladis
1157,mozart,noelia
1158,katsuo,helenice
1159,flaviano,ermelinda
1160,floriano,delfina
1161,leonildes,inez
1162,haziel,hulda
1163,yuli,araceli
1164,otacilio,adina
1165,ubirata,genilda
1166,domenico,marluce
1167,kayke,ismenia
1168,atilio,rosamaria
1169,genesis,lolla
1170,donaldo,elia
1171,absalom,valda
1172,valerie,tricia
1173,ivair,dilza
1174,ozires,odila
1175,andrey,susete
1176,harold,arianne
1177,werner,dores
1178,hildebrando,moara
1179,karl,yoki
1180,rabelo,kyung-soon
1181,guaraci,madeline
1182,jandir,giselda
1183,ludovico,brasilia
1184,aziz,panda
1185,aniceto,henriqueta
1186,neil,consuelo
1187,nolan,ivanice
1188,uchoa,dinora
1189,floyd,iandara
1190,gentil,gardenia
1191,serguei,manuelly
1192,euripedes,queli
1193,luther,kailene
1194,phoenix,matilda
1195,nikolai,brunella
1196,osman,anais
1197,casimiro,avril
1198,hayato,aritana
1199,sadraque,atalia
1200,belarmino,iemanja
1201,dino,zoraide
1202,romeo,tsunade
1203,kurt,evodia
1204,aristeu,yone
1205,grajau,germana
1206,rufino,betel
1207,achilles,carly
1208,alcino,ida
1209,teixeira,pepita
1210,darius,samila
1211,warley,gleiciane
1212,ewerthon,caterina
1213,rachid,bethany
1214,guy,donna
1215,heros,gwen
1216,assuncao,auricelia
1217,issa,gleise
1218,hadrian,elba
1219,arantes,andrelina
1220,adler,mina
1221,naum,ximena
1222,sandoval,avani
1223,ary,indra
1224,efeso,fany
1225,eden,leoni
1226,otaviano,aixa
1227,jasper,eudora
1228,silvino,ipanema
1229,dean,zora
1230,acir,polyanna
1231,edwin,judy
1232,osias,alcina
1233,castro,tracy
1234,cleverson,franceline
1235,ariovaldo,graciete
1236,monteiro,rosilda
1237,hermenegildo,svetlana
1238,timeu,yula
1239,zeferino,kitty
1240,higino,serafina
1241,urbano,cara
1242,arquimedes,bernarda
1243,emir,alegria
1244,alfonso,luce
1245,paris,rosineide
1246,alexandrino,rosalie
1247,kaluana,brooke
1248,eriberto,hebe
1249,sofonias,ercilia
1250,ebraim,najila
1251,henrike,alene
1252,kanji,marizete
1253,diomar,rosemarie
1254,melchior,oneide
1255,neilson,anisia
1256,mikhail,teca
1257,hassan,zeneide
1258,kristofer,florentina
1259,kimberley,inaie
1260,gregory,ethel
1261,solano,almira
1262,aderbal,martinha
1263,osorio,susanne
1264,tyrone,lucena
1265,asenate,april
1266,cefas,michela
1267,ceu,rahyssa
1268,posseidon,kathy
1269,alfeu,naima
1270,jin,perpetua
1271,eber,dulcilene
1272,marc,loreta
1273,machado,singrid
1274,bispo,donata
1275,oriel,lilite
1276,ferdinando,uiara
1277,jordano,danubia
1278,altino,antonina
1279,nazario,idalia
1280,rodnei,anny
1281,zachary,adail
1282,moiseis,justina
1283,xisto,justine
1284,tau,isidora
1285,euzebio,cassilda
1286,chantal,claudina
1287,malcolm,june
1288,zenir,enedina
1289,zenon,suriel
1290,usher,joannes
1291,martiniano,lisete
1292,ahmad,marilena
1293,gumercindo,eneida
1294,lair,belisa
1295,hayden,haydee
1296,odara,lala
1297,bueno,zarina
1298,jim,cherry
1299,duilio,kin
1300,aristoteles,benjamine
1301,bacco,bambi
1302,ebert,arianna
1303,robinson,kauana
1304,dwayne,rudi
1305,deniel,desire
1306,sherlock,lysandra
1307,soren,rayla
1308,jailton,li
1309,ovidio,line
1310,asa,josenilde
1311,eustaquio,alethea
1312,nery,eulina
1313,seiji,balbina
1314,agripino,ilsa
1315,enock,verginia
1316,eddy,kimi
1317,fineas,esme
1318,petronio,constancia
1319,lui,vanderleia
1320,zed,alejandra
1321,yale,alena
1322,quintino,yasu
1323,nereu,melania
1324,herman,gyovanna
1325,marcolino,virna
1326,marion,livian
1327,sostenes,kami
1328,yank,laina
1329,deodato,allegra
1330,inca,emeline
1331,francois,rosivalda
1332,sinval,wania
1333,tertuliano,maxine
1334,porfirio,jamie
1335,natividade,aileen
1336,epitacio,uyara
1337,nil,blanche
1338,nelio,ania
1339,bosco,fani
1340,hermogenes,marvel
1341,heather,gilcimar
1342,egito,nila
1343,amilcar,aurelina
1344,arildo,nady
1345,bismark,alcantara
1346,lutero,marlise
1347,edom,barry
1348,quirino,ilca
1349,florentino,kari
1350,balaao,corallina
1351,heracles,aretusa
1352,gaio,kristal
1353,amancio,rosinha
1354,tiburcio,erotildes
1355,valdec,clelia
1356,cleofas,xayane
1357,hur,kiera
1358,nicacio,sirena
1359,shai,jupira
1360,deusdedit,micarla
1361,deivison,camelia
1362,kirk,siomara
1363,norton,amira
1364,remi,luiziane
1365,carter,adelita
1366,amir,francoise
1367,endi,dana
1368,policarpo,marilza
1369,damasceno,hanani
1370,leander,gemma
1371,vinicio,bell
1372,mamede,carmelia
1373,kazumi,geisla
1374,umberto,fulvia
1375,farid,zelina
1376,trajano,neriah
1377,takeshi,aricia
1378,kazuo,abayomi
1379,asdrubal,cinira
1380,sotero,carrie
1381,yoshiaki,atalanta
1382,dickson,capitolina
1383,gaudencio,guida
1384,itau,marisia
1385,vicki,argentina
1386,raymond,nirvana
1387,marte,katya
1388,arion,alvina
1389,chester,brunnah
1390,antonino,ira
1391,fritz,zaida
1392,hilbert,urbi
1393,jano,wiki
1394,ladislau,rachelle
1395,roderick,giani
1396,joaci,evangelina
1397,padua,lani
1398,nicola,"araci,"
1399,colombo,honorina
1400,etelvino,elisha
1401,dimitre,amina
1402,feitosa,carola
1403,fidel,eloina
1404,tenorio,daria
1405,gastao,inacia
1406,ilmar,zaina
1407,quinn,maris
1408,belmiro,yris
1409,mac,desdemona
1410,marcal,thaisa
1411,xandy,adela
1412,argentino,shira
1413,acaz,edeline
1414,artemio,mariam
1415,onesimo,naja
1416,donatello,florencia
1417,toledo,marilu
1418,rolando,susie
1419,kurama,laureen
1420,agnelo,libia
1421,tasso,mandy
1422,ventura,electra
1423,cid,jesebel
1424,vince,adira
1425,argemiro,ametista
1426,uilian,luciola
1427,youseef,erondina
1428,argos,eda
1429,aureliano,karim
1430,aldir,yeva
1431,adroaldo,zildete
1432,russell,oscarina
1433,edvar,ceci
1434,bart,nita
1435,roy,florbela
1436,xande,paulete
1437,fagundes,adalia
1438,lars,becky
1439,caco,pina
1440,heiko,mallory
1441,eliu,thalassa
1442,edno,jovita
1443,balbino,musa
1444,adir,clarinda
1445,roxane,elga
1446,ubaldo,vita
1447,rosalvo,sila
1448,merlin,analisa
1449,adel,oneida
1450,arruda,sonya
1451,piedade,hilma
1452,delmar,floripes
1453,king,blandina
1454,lancelot,vitalina
1455,sadi,piera
1456,ludgero,nildete
1457,perez,lora
1458,ebony,deva
1459,zadoque,ricarda
1460,leonice,nelita
1461,chang,chad
1462,munir,ina
1463,africano,vanilda
1464,pompeu,ionice
1465,jaques,aagje
1466,gian,buriti
1467,cirineu,preciosa
1468,ibere,apolonia
1469,marlus,ceres
1470,remo,semiramis
1471,fauzi,evelina
1472,leoncio,aba
1473,woody,nana
1474,rafi,calina
1475,peri,lafaiete
1476,pedrinho,agueda
1477,salustiano,abnara
1478,sigismundo,kalena
1479,elijah,silvya
1480,orestes,xenia
1481,deodoro,jucelia
1482,delfim,osvaldina
1483,branco,farah
1484,naor,sigrid
1485,apolonio,belmira
1486,alecio,alika
1487,jocelin,scheyla
1488,macario,otavia
1489,ichiro,queiroga
1490,amarildo,bettina
1491,laudemir,ildete
1492,yule,coralia
1493,dion,murielle
1494,kerry,artemisia
1495,leopoldino,berry
1496,pieter,viva
1497,laurel,aldina
1498,mairon,elke
1499,alaor,poppy
1500,gerardo,frederica
1501,harrisson,porcina
1502,laio,anni
1503,placido,tercia
1504,ross,anja
1505,irving,josephine
1506,justo,sibila
1507,leocadia,yelena
1508,servulo,anaide
1509,etevaldo,caitlin
1510,martino,elzira
1511,alcindo,maida
1512,aladim,bridget
1513,ildefonso,alida
1514,ismail,andromeda
1515,travis,zahra
1516,balthazar,zulma
1517,kamal,rosita
1518,neville,rowena
1519,laurencio,amanayara
1520,bailey,dalvina
1521,aliyah,jacimar
1522,damasio,benilda
1523,bitencourt,cacapava
1524,nasser,hilde
1525,yehudi,ghislaine
1526,winston,sirene
1527,cecilio,lika
1528,lotus,letice
1529,leroy,oxana
1530,arnon,tuane
1531,almiro,eliade
1532,atanasio,ifigenia
1533,laudelino,lamartine
1534,amiel,laureana
1535,rode,rina
1536,teodorico,nuria
1537,maome,murta
1538,virgulino,adrianne
1539,alberico,jill
1540,jovino,anete
1541,kara,ranilda
1542,saturno,nazira
1543,motta,ignez
1544,adib,suzie
1545,heli,hava
1546,melquior,calista
1547,adamo,niceia
1548,vougan,jeanine
1549,labao,ambrosina
1550,genaro,ere
1551,perci,iuna
1552,chandler,dyane
1553,czar,zelinda
1554,edvan,ahsley
1555,becker,andira
1556,tabajara,laisla
1557,jofre,beverly
1558,bolivar,malie
1559,matuzalem,lenora
1560,tristao,celiny
1561,sadoque,courtney
1562,afranio,paige
1563,manon,tecla
1564,kane,clarita
1565,odir,yarmilla
1566,sheridan,chun
1567,isidro,zebulon
1568,rangel,ludovica
1569,kaia,alvarenga
1570,percival,dominga
1571,simas,haide
1572,tupa,clementine
1573,marins,tomasia
1574,melquiades,gene
1575,manolo,dea
1576,zane,demeter
1577,falcao,lidya
1578,pilatos,lelia
1579,durvalino,mirta
1580,gualberto,florisbela
1581,edemir,gracia
1582,ron,libania
1583,wallis,constance
1584,armenio,any
1585,gad,jolene
1586,schumacher,amapola
1587,zeno,amana
1588,hiran,maleah
1589,espedito,radmila
1590,mage,anesia
1591,tancredo,graciana
1592,nidia,alita
1593,anesio,octavia
1594,delano,clay
1595,linus,rosete
1596,nabor,albina
1597,aparicio,isolina
1598,arsenio,chase
1599,gleidson,georgete
1600,sadala,alden
1601,windsor,clare
1602,roman,eufrasia
1603,elidio,adilah
1604,avner,geisila
1605,faith,djamila
1606,nereide,eudoxia
1607,jobson,destiny
1608,gunter,danika
1609,itambe,deia
1610,alain,tabitha
1611,xadai,zahirah
1612,remy,alecia
1613,aguilar,annemarie
1614,ranulfo,wade
1615,juventino,suzane
1616,vital,davena
1617,severiano,astra
1618,ona,aaminah
1619,edilberto,dakarai
1620,fuad,benta
1621,elmo,aquira
1622,raulino,erotides
1623,rossi,carmencita
1624,araruna,kasandra
1625,brook,inae
1626,estacio,araci
1627,laurent,anouk
1628,umbelino,magdalena
1629,beto,rosina
1630,teodosio,moama
1631,joh,bonita
1632,verissimo,abella
1633,coimbra,giorgia
1634,riva,sinesia
1635,rosendo,genesia
1636,claudiano,juanita
1637,neimar,thara
1638,inocencio,quiron
1639,acelino,fabienne
1640,riki,gale
1641,sloan,keke
1642,stewart,armelinda
1643,peres,bendita
1644,aprigio,mab
1645,zaire,jada
1646,amparo,diadema
1647,nemo,aliria
1648,alistair,moria
1649,maranhao,heiki
1650,isaiah,lucina
1651,hiram,megara
1652,zozimo,amada
1653,fleur,vaughan
1654,caiua,mena
1655,deocleciano,brunilda
1656,hermano,marietta
1657,aragao,nise
1658,ozanan,danuta
1659,poncio,herondina
1660,rider,munira
1661,ciriaco,xerazade
1662,sven,dejanir
1663,dilermando,herta
1664,rovena,cornelia
1665,benevenuto,tulia
1666,raja,duncan
1667,paladino,giannina
1668,barcelos,acalantis
1669,mansur,metis
1670,estenio,afra
1671,yerik,giuseppina
1672,nicanor,quira
1673,seixas,zene
1674,helton,edissa
1675,saturnino,erla
1676,yancy,dona
1677,jocelyn,ioana
1678,roboao,wilmara
1679,tatsuo,gadelha
1680,gary,bandeira
1681,sinfronio,neida
1682,cristino,alberta
1683,vittore,grete
1684,tim,zorah
1685,ajax,aglae
1686,hannibal,arienne
1687,clementino,zenobia
1688,natalino,delta
1689,maurice,gisa
1690,adilio,beca
1691,alfa,lakshmi
1692,taiguara,carmelinda
1693,clever,roselinde
1694,queiros,yvone
1695,rufus,belfort
1696,loreto,odessa
1697,bran,anis
1698,eliot,amandina
1699,romeiro,cordelia
1700,herodoto,lorna
1701,clinton,maala
1702,elifaz,nuna
1703,deimos,jarina
1704,abud,mirza
1705,esculapio,anhaia
1706,jacir,rozala
1707,alfred,connie
1708,dick,halina
1709,ticiano,percia
1710,adelson,debbie
1711,delmiro,jesuina
1712,berto,marlena
1713,apoema,haidee
1714,remigio,myra
1715,pio,kaolin
1716,angelico,pierina
1717,byron,sucena
1718,albertino,juruna
1719,teotonio,helcias
1720,nahan,hideaki
1721,ra,bea
1722,poti,taci
1723,lauriano,carmelina
1724,ribas,semira
1725,fontes,virgilia
1726,satoru,alethia
1727,joly,ednilda
1728,aureo,baeta
1729,hugh,elmira
1730,marshal,mandi
1731,tibirica,jandaia
1732,fox,chandra
1733,salviano,diolinda
1734,clarencio,tirsa
1735,doug,elika
1736,sinesio,valencia
1737,barney,aranha
1738,solomon,adrianna
1739,harriet,cecile
1740,berilo,izolina
1741,satiro,myrcia
1742,caubi,dinair
1743,zedekiah,uda
1744,hathor,quimera
1745,kieran,velma
1746,adams,adilia
1747,aderaldo,caliope
1748,leto,demostenes
1749,demas,anadir
1750,adelio,damarina
1751,rolf,arieta
1752,lenore,alaina
1753,shandar,nelma
1754,furlan,bertha
1755,merle,engracia
1756,goulart,islena
1757,eufrasio,gia
1758,marcial,naiade
1759,sabara,jacobina
1760,benami,ibsen
1761,maceio,amandy
1762,daros,genciana
1763,astor,godiva
1764,alaba,malka
1765,amandio,raruama
1766,kenichi,afonsina
1767,bertoldo,anunciada
1768,francelino,jaima
1769,alirio,anninka
1770,delfino,aca
1771,ulric,candy
1772,domicio,rosalba
1773,otelo,iere
1774,solon,ignes
1775,cole,inocencia
1776,remedios,marindia
1777,adamastor,lindoia
1778,ioshua,minna
1779,geraldino,dulcelina
1780,keane,gilca
1781,jesuino,valdineia
1782,brunot,malina
1783,miyako,alesha
1784,guarani,assunta
1785,benvindo,uana
1786,elmer,peggy
1787,crisostomo,zandra
1788,helmut,quirina
1789,cecil,wilhelmina
1790,petroski,zena
1791,teseu,kuat
1792,suleiman,cesarina
1793,iramaia,elsie
1794,arnoldo,aimara
1795,corinto,cleanto
1796,avelar,dena
1797,welles,farida
1798,argeu,hamed
1799,yacamin,melca
1800,praxedes,ksenia
1801,lupercio,apia
1802,aran,atala
1803,anchieta,diacui
1804,harahel,nadezhda
1805,benigno,poranga
1806,edesio,clarina
1807,aury,zalika
1808,ingo,clemencia
1809,maua,veneranda
1810,raguel,gareth
1811,yardley,janet
1812,jaque,quiroga
1813,benson,fay
1814,alzilene,hirana
1815,domiciano,kuanna
1816,liberato,renita
1817,beulah,maes
1818,obdias,aica
1819,dinarte,daira
1820,amador,beaumont
1821,ermelindo,maire
1822,licio,vyviane
1823,onesiforo,hele
1824,oris,risa
1825,adolar,marcolina
1826,rafiq,marilse
1827,eliano,talassa
1828,celino,ivanilda
1829,menphis,nola
1830,adoniran,guaraciara
1831,rossini,cassidy
1832,acaiah,celica
1833,plutao,acidalia
1834,roldao,camocim
1835,hiroki,babete
1836,nemias,felina
1837,antoine,anice
1838,chermont,kelia
1839,darcio,pompeia
1840,ariston,makelina
1841,esio,fedra
1842,ajaguna,marana
1843,imael,leonia
1844,aguimar,wila
1845,zarek,griselda
1846,rain,zaide
1847,estefanio,tonia
1848,fergus,dale
1849,araquem,hagite
1850,hamon,karly
1851,desiderio,onelia
1852,vespasiano,anami
1853,caxambu,ena
1854,leri,lyuba
1855,lamar,cambuci
1856,mourao,ambrosia
1857,militao,mariucha
1858,baron,beau
1859,nigel,tersa
1860,deolindo,benicia
1861,jocelim,guacira
1862,achille,raria
1863,flynn,nicia
1864,alano,lumiana
1865,delio,charla
1866,uberaba,yvonne
1867,krisna,maxima
1868,gotardo,micol
1869,natalicio,latoya
1870,mendelson,amabel
1871,rowan,freia
1872,frans,gisel
1873,sartori,bernardine
1874,menfis,vidya
1875,latino,betty
1876,pantoja,melia
1877,anuar,febe
1878,flausino,alcinda
1879,zenite,aldara
1880,presley,iolete
1881,tonho,itapema
1882,gualter,dorothea
1883,modesto,echo
1884,yegor,inara
1885,filinto,filoteia
1886,melquias,jutta
1887,bourbon,delamare
1888,eleakim,keike
1889,zanetti,taia
1890,heraclito,abe
1891,landim,porchat
1892,randall,nona
1893,casey,fatma
1894,carlindo,danita
1895,cupido,borja
1896,zelio,desideria
1897,xoloni,jeanette
1898,canuto,odelia
1899,arnobio,clarence
1900,agabo,bernadette
1901,magdala,ara
1902,fadel,belita
1903,quercia,florida
1904,valfredo,irece
1905,oksana,jemime
1906,randy,nanine
1907,iva,wilda
1908,maron,habel
1909,pantaleao,gena
1910,melito,aeron
1911,simplicio,diomara
1912,mirtis,walda
1913,glicerio,anselma
1914,anton,etna
1915,koji,lokelani
1916,barac,noeli
1917,beraldo,else
1918,neon,zania
1919,lineu,hala
1920,gurgel,rosaura
1921,hamish,rashne
1922,nicol,sucupira
1923,victorius,quione
1924,elvio,maluhia
1925,tino,azucena
1926,montgomery,generosa
1927,bud,osnia
1928,simoes,pamplona
1929,jabril,lelitia
1930,waldo,bruneida
1931,xinavane,anise
1932,mirthes,ilitia
1933,diocleciano,kerina
1934,virgil,lauretta
1935,konrad,aleluia
1936,yasuhiko,constantina
1937,birigui,glaura
1938,garcia,neria
1939,odilio,aldora
1940,ricardino,catira
1941,claudino,guaraciaba
1942,quentin,imelda
1943,set,irenia
1944,victorine,gita
1945,donatelo,creta
1946,irapua,almada
1947,andersen,lauany
1948,joelle,abdera
1949,everardo,ewa
1950,quincas,aquilina
1951,balder,ipe
1952,caiubi,kuana
1953,firmo,kelda
1954,elcio,uauiarara
1955,christer,ynes
1956,adalberon,ismeria
1957,generoso,dacia
1958,elinor,iguana
1959,fleury,betsy
1960,gerhard,naida
1961,guerino,medeia
1962,jakob,quintela
1963,kana,kerstin
1964,rurik,edenica
1965,uzi,deusdetina
1966,bartolo,barauna
1967,felismino,altiva
1968,volker,cafira
1969,warren,fabrice
1970,egeo,filomela
1971,zoroastro,wikolia
1972,edmo,anunciata
1973,joviano,colares
1974,yurio,iaci
1975,urania,amanara
1976,anubis,malva
1977,kassim,siv
1978,eno,otacilia
1979,elmar,susanae
1980,jacome,wladis
1981,itagiba,zaynab
1982,knut,sibyl
1983,onesio,laguna
1984,valeriano,benigna
1985,wapasha,castelar
1986,ramao,evita
1987,reid,igara
1988,tabor,gayla
1989,curvelo,mirabel
1990,aster,arline
1991,filomeno,floriana
1992,jacomo,dagny
1993,javan,eryca
1994,kala,cass
1995,mitzi,guinete
1996,augustinho,adrasteia
1997,rob,corin
1998,iglesias,debra
1999,jubal,enide
2000,karan,bessie
2001,niels,palma
2002,ubirani,augustine
2003,yahya,mansueto
2004,lali,hilaria
2005,wiltom,blanck
2006,mair,zada
2007,garibaldi,alderiva
2008,belisario,cairu
2009,haskel,leomira
2010,macunaima,dustin
2011,belmonte,freda
2012,mucio,fauna
2013,garnet,honorata
2014,salvio,magide
2015,diomedes,caete
2016,zariel,janel
2017,antao,manaca
2018,ariosto,itauna
2019,tatius,abana
2020,pitagoras,panteia
2021,ario,alete
2022,ireneu,divinalda
2023,caramuru,grazia
2024,salgado,brandi
2025,ubata,arani
2026,clodomiro,althea
2027,shinichi,esperanza
2028,laureano,amary
2029,raynard,iole
2030,violante,hamadriade
2031,mamom,nadine
2032,georges,rivadavia
2033,macedon,aima
2034,sinclair,alawara
2035,calcante,jacirema
2036,loris,mera
2037,alcibiades,nerine
2038,ela,anicia
2039,graciliano,lamenha
2040,badi,walelia
2041,iriri,bolina
2042,ariano,eglantina
2043,petronilo,zakia
2044,caninde,hedviges
2045,egberto,clothilde
2046,kriger,ailina
2047,anatolio,christianna
2048,jaboatao,maximiliana
2049,tinoco,agostina
2050,doriano,roama
2051,edegar,glice
2052,vilar,abra
2053,darin,betsabe
2054,jari,aloa
2055,kazuaki,itacira
2056,valeriana,fiama
2057,platao,mauad
2058,brochado,boyra
2059,marchiori,lakina
2060,ercilio,pearl
2061,arkadius,aspasia
2062,dacio,wismara
2063,jadon,antigona
2064,ordalia,melpone
2065,barreiros,eirapua
2066,rezon,adoriabelle
2067,mozar,nerina
2068,carioca,agnese
2069,ervin,ksenya
2070,tamuz,teia
2071,malvino,dulcie
2072,quon,patience
2073,esperidiao,lanassa
2074,alcebiades,cobe
2075,nowak,aneci
2076,keefe,nakine
2077,alarico,raschele
2078,jafar,viridiana
2079,pancho,halona
2080,nabi,adosinda
2081,rebelo,zamira
2082,yakecan,alarice
2083,conrad,andrija
2084,rasmussen,esmeria
2085,winike,waioleka
2086,zenobio,sigfrid
2087,fernandino,zenia
2088,yvon,berthe
2089,cloud,addae
2090,kenrick,justa
2091,grimaldi,galdina
2092,gadi,judi
2093,iaco,macieira
2094,lapa,messina
2095,marcionilo,flori
2096,pacaembu,liuba
2097,beltrao,alcidia
2098,saladino,japira
2099,lisias,ocirema
2100,sylvie,uaiana
2101,ilo,venilia
2102,crisanto,crescencia
2103,nagibe,apolinaria
2104,bianor,eca
2105,tufi,edwina
2106,nimbus,epifania
2107,acrisio,zelfa
2108,astaroth,pallas
2109,vadenberg,hipolita
2110,paranagua,amery
2111,vilasboas,cendi
2112,weston,itaperuna
2113,adelmar,enid
2114,wady,eudine
2115,dragomir,agnata
2116,chaim,caturama
2117,maurizio,turmalina
2118,petrarca,adisa
2119,dmitry,mauricia
2120,talarico,adora
2121,ivanhoe,caillet
2122,camel,gaye
2123,frutuoso,ulima
2124,quintanilha,andina
2125,dietrich,kailina
2126,munhoz,iadah
2127,schimidt,warda
2128,wilfred,gabina
2129,aidil,maddalena
2130,arrais,haikela
2131,oswald,rozalia
2132,yin,lira
2133,ado,miracema
2134,roth,granada
2135,isnar,delamari
2136,aimore,sibil
2137,hercilio,aleka
2138,segismundo,ceressa
2139,hubert,bernice
2140,raed,efrata
2141,rosvaldo,bambina
2142,justiniano,eugene
2143,odisseu,jessamina
2144,adah,endyra
2145,lombardi,eutalia
2146,ilah,genevra
2147,mor,dalziza
2148,kent,brasiliana
2149,zev,dionira
2150,pascal,gail
2151,jango,hedda
2152,simeon,agathe
2153,perside,belamina
2154,zanini,elmara
2155,silvester,alipia
2156,ernest,wenceslas
2157,alderico,kilakila
2158,alois,emerenciana
2159,mendel,floide
2160,zahi,concepcion
2161,damaceno,elva
2162,dracon,umarama
2163,erasto,afife
2164,estelio,baniwa
2165,bromberg,cindra
2166,quintiliano,aiso
2167,keenan,abeona
2168,benoit,aglaia
2169,oberon,dagmara
2170,xereu,cleidiane
2171,ulf,pecunia
2172,oka,brumalia
2173,relinde,eudocia
2174,deni,xavantina
2175,mahasiah,caron
2176,livino,aristeia
2177,meir,farrah
2178,yahto,acemira
2179,moses,britta
2180,nanael,winifreda
2181,krigor,arabi
2182,fragoso,brunhilde
2183,ervino,rhode
2184,saadi,aracelis
2185,orpheu,bevilaqua
2186,nahim,anes
2187,winikeneke,chede
2188,kabir,gwineth
2189,agustin,laa
2190,brasiliano,acilda
2191,volupia,linh
2192,andras,zemina
2193,hasan,zilena
2194,yachi,godofreda
2195,avati,aclima
2196,brizola,marici
2197,ebano,adamantina
2198,menon,feronia
2199,heriberto,blanda
2200,bayer,kamealamalama
2201,kotaro,cipriana
2202,midas,inema
2203,einar,anima
2204,zarco,branka
2205,fontoura,halima
2206,justus,laseja
2207,zaci,anuncia
2208,adaliah,ubana
2209,shakti,genara
2210,vitaliano,jandaira
2211,anatole,dalmira
2212,backer,ermengarda
2213,elicio,marica
2214,jardine,policena
2215,knox,etzel
2216,odorico,genebra
2217,rhonda,baena
2218,andreoli,aristotelina
2219,mantovani,quandt
2220,ermenegildo,frieda
2221,nichole,janari
2222,paim,caledonia
2223,eco,djamira
2224,fortuna,isra
2225,morales,cristalia
2226,terence,amalie
2227,charlton,clorinda
2228,paraopeba,jurandira
2229,bronwen,wilikilia
2230,jona,alikia
2231,fernao,lauda
2232,ramsey,elodia
2233,paranhos,mirina
2234,menahem,marva
2235,vladislav,egidia
2236,antonin,germaine
2237,kentaro,moneta
2238,turin,marielsa
2239,edmond,amena
2240,zeki,cadi
2241,horst,zarifa
2242,piraja,charna
2243,kamala,rurina
2244,cupertino,antje
2245,gunda,abati
2246,trinidad,britania
2247,basileu,zeinab
2248,hilal,ivonette
2249,carlton,linei
2250,milano,edesia
2251,mayim,harpina
2252,sidonio,allende
2253,dorval,eufemia
2254,cleon,galia
2255,hiero,tacira
2256,ume,vacuna
2257,scherer,antoniete
2258,laurentine,felisa
2259,simonie,lupicinia
2260,cesare,laverne
2261,jafet,margarit
2262,reagan,jekaterina
2263,giglio,laula
2264,roriz,ebe
2265,zazu,lotis
2266,hidalgo,gladyr
2267,aguirre,modesta
2268,levindo,murana
2269,maluf,jaclyn
2270,walton,ailika
2271,pedrito,kurumi
2272,alencastro,ibotirama
2273,ascanio,argemira
2274,jaguar,bonina
2275,megaron,coaraci
2276,filogonio,lopeka
2277,jarvis,akeneki
2278,rishon,grazina
2279,zafriel,bertina
2280,oren,helbia
2281,avare,perdida
2282,timoteus,roaslie
2283,toriba,amerindia
2284,pierce,marija
2285,maquiavel,valia
2286,harmon,amabilia
2287,paraty,lamona
2288,lelio,franziska
2289,xafic,malori
2290,schubert,cinzia
2291,sheth,neputira
2292,aronne,artemia
2293,manfredo,aegla
2294,upiara,capotira
2295,idalino,arza
2296,damaso,adolfina
2297,jasao,neda
2298,jobim,quinci
2299,burnier,lucidora
2300,leonie,bocaiuva
2301,giles,madel
2302,jabel,simplicia
2303,bertolino,adameire
2304,casper,teanira
2305,enare,juacira
2306,afif,sonal
2307,ajuricaba,nassima
2308,ephraim,maricy
2309,bage,amanacy
2310,jeremiah,candal
2311,telemaco,galena
2312,admin,sita
2313,nicolette,electa
2314,itabira,peonia
2315,randolfo,adalzira
2316,rothes,antoinette
2317,pergamo,colomba
2318,oskar,asteria
2319,amim,tainaca
2320,batimeu,eulice
2321,gerd,lavone
2322,raimondo,jubaia
2323,ituriel,clarimunda
2324,isao,caceres
2325,morris,rosi
2326,bacelar,cendira
2327,parati,aldevina
2328,libanio,almara
2329,aquilas,lorinda
2330,kanope,odemira
2331,sinead,aphrodite
2332,ciaran,adalina
2333,otilio,opelia
2334,solveig,zelmira
2335,apolline,agripa
2336,matatias,apolina
2337,agildo,anthea
2338,bentes,pane
2339,paraguacu,edelina
2340,baldo,petronia
2341,eistein,teolinda
2342,kenjiro,xaviera
2343,ceciliano,colombina
2344,baltasar,flavie
2345,fileto,kumari
2346,gracindo,bariri
2347,garnier,calidora
2348,lucrecio,metanira
2349,hamlet,agave
2350,sarosh,alilat
2351,galeno,concordia
2352,brunswichk,ubiracema
2353,eanes,labda
2354,quevedo,antonita
2355,atreu,holda
2356,skipp,ileina
2357,barnabas,teodolinda
2358,caico,acira
2359,donga,elbia
2360,pandolfo,gwenda
2361,nahum,acirema
2362,eudorico,barbela
2363,josiah,kanike
2364,nardo,birgit
2365,heladio,melvina
2366,jorgen,gliceria
2367,belami,alenica
2368,maturino,ajira
2369,rufo,almeria
2370,pompilio,nicias
2371,rogaciano,anemone
2372,amintas,epona
2373,aodh,lafontaine
2374,accioli,campbel
2375,hong,girani
2376,adramalec,vinciana
2377,apollon,norcia
2378,medardo,quaraciama
2379,hemeterio,brita
2380,guayi,cayari
2381,almirante,elea
2382,lake,althaia
2383,jatir,calix
2384,tersio,galen
2385,plauto,pei
2386,amorreu,acindina
2387,serge,nanette
2388,tirso,elisama
2389,hedi,oldaira
2390,shuichi,norina
2391,kaab,edelmira
2392,vehuiah,iacina
2393,arminio,anfitrite
2394,dedan,adonaide
2395,saavedra,konia
2396,ubajara,rolanda
2397,aka,liberata
2398,dercino,unigena
2399,osborn,izolita
2400,hanon,jaciema
2401,origenes,galateia
2402,laurino,delamar
2403,calvino,emitima
2404,ofir,kerensa
2405,waldrich,juvencia
2406,epeneto,pavuna
2407,rutger,araciara
2408,geminiano,nazaria
2409,gabor,juarana
2410,pianco,latonia
2411,bertram,acilina
2412,peregrino,ihelane
2413,briareu,owena
2414,adlai,zozima
2415,pero,etama
2416,potengi,angerona
2417,leonidio,coema
2418,quintana,brigita
2419,elmano,marjani
2420,lambert,anke
2421,arai,guaira
2422,odon,kaki
2423,terencio,nazariela
2424,jens,laimana
2425,pancracio,judit
2426,cadmo,cadile
2427,bricio,sigmara
2428,adelmiro,adozina
2429,nicandro,ataleia
2430,odaleia,donatila
2431,neal,felicien
2432,caligula,laudalia
2433,gago,zorana
2434,hermon,mahaoo
2435,zabulao,valonia
2436,dioclecio,alekena
2437,anand,antianira
2438,mauari,mirabele
2439,halim,aminda
2440,isar,redenta
2441,al-samir,sayuri
2442,savino,vitula
2443,graco,cunina
2444,singer,laulena
2445,davino,matutina
2446,zaltana,hypsea
2447,moke,taleia
2448,mollie,basilissa
2449,irae,sideria
2450,batuel,welama
2451,garrido,linfa
2452,ururai,iaba
2453,aristarco,belca
2454,crispin,adorinda
2455,yeray,alcmena
2456,hermine,cassarah
2457,quodvultdeus,tolosa
2458,amino,clicie
2459,calais,enery
2460,maggy,aineki
2461,aimon,cambuquira
2462,damiano,anneta
2463,clodovil,seraome
2464,daichi,galeria
2465,hamid,cotiguara
2466,astride,kalola
2467,brigido,lepeka
2468,saliba,jerusha
2469,juaci,kuumomimakamae
2470,jaire,kanela
2471,veriano,jerema
2472,austregesilo,agenora
2473,galhardo,ully
2474,ivor,amalina
2475,lot,casira
2476,sileno,edana
2477,kemp,acei
2478,eucles,cordula
2479,assur,macrina
2480,teodomiro,glaucipe
2481,zebilon,horacia
2482,lalo,acteia
2483,cayres,perseia
2484,dourival,lilsa
2485,liadan,greca
2486,zared,berdine
2487,barbacena,ipua
2488,xilon,policasta
2489,eulalio,alderita
2490,germain,madelina
2491,rockne,digna
2492,lokine,otinga
2493,estefanas,esia
2494,graziano,h
2495,ceneu,basilina
2496,efrem,lokele
2497,monoke,tilexine
2498,hamilcar,maximilienne
2499,padovani,lanete
2500,blair,eilen
2501,tacito,guapira
2502,yervant,adeona
2503,ipojuca,bedelia
2504,bertoli,laverna
2505,hardy,beryl
2506,vitoldo,kakalina
2507,gibrail,madressilva
2508,ikaika,menelaia
2509,alceste,caprina
2510,jupi,daslange
2511,susumo,ervina
2512,pitangui,murcia
2513,antelmo,beate
2514,merope,mencia
2515,onias,isidore
2516,biara,geslinda
2517,faical,batilde
2518,kiichi,gavina
2519,hildeberto,feba
2520,edgardo,floralia
2521,farell,gerthe
2522,arquelau,didima
2523,gorki,aleia
2524,adom,churi
2525,simonette,helvecia
2526,waclaw,jenie
2527,edmarcio,emereciana
2528,maikekai,eucaris
2529,samson,kiopaa
2530,joata,roriza
2531,rhodes,maraira
2532,araponga,adamina
2533,diaurum,floripedes
2534,elvino,leikela
2535,anor,arlina
2536,kakali,liki
2537,bogdan,adorabela
2538,clistenes,eora
2539,casto,aricleia
2540,geroncio,nolina
2541,vilarinho,ank
2542,xenofonte,guaratinga
2543,apuana,quinteria
2544,riberto,gandara
2545,viata,belano
2546,fahir,eustaquia
2547,remiel,jacara
2548,galileo,lanake
2549,morel,rogata
2550,salomon,kelama
2551,airao,timandra
2552,franclim,vinola
2553,kinderman,gaila
2554,zenas,kopi
2555,paganini,chrysanta
2556,arquibaldo,acilia
2557,xafik,gabala
2558,teogenes,kalamela
2559,chilon,odoria
2560,mitsrael,carmeliana
2561,mitzrael,camena
2562,peron,keaka
2563,avis,miraglia
2564,arcadio,aleit
2565,neandro,grania
2566,umar,levinda
2567,jabriel,nenia
2568,marani,xenika
2569,henoque,ambrogina
2570,geoffrey,birgitta
2571,heliberto,manjusha
2572,ryotaro,aguilara
2573,tomaso,manaolana
2574,sachafer,placida
2575,valencio,zoilo
2576,cincinato,artaschasa
2577,edoardo,diores
2578,baldwin,felicienne
2579,jewel,altevira
2580,encarnacion,arsione
2581,belquis,henedina
2582,oma,eirati
2583,rudolfo,diacira
2584,georg,keleka
2585,kimball,kelika
2586,quixote,vismara
2587,pavlo,musidora
2588,vesta,naneki
2589,acurcio,arriola
2590,gamarra,paki
2591,erval,aelia
2592,lisis,alvise
2593,garib,celimena
2594,moi,gislaim
2595,piovesan,halola
2596,acmon,eusebia
2597,vero,crescenzia
2598,perpetuo,donatienne
2599,dagom,zandone
2600,joamar,airetama
2601,salvalus,eufena
2602,serrao,addolorata
2603,jimy,budant
2604,keegan,gertruida
2605,nicolino,pomona
2606,pitia,jucana
2607,adelfo,ehwina
2608,escolastico,emerita
2609,remulo,deifila
2610,atis,enoma
2611,airy,hecuba
2612,floro,imira
2613,adalard,polixene
2614,anando,calimeria
2615,rodger,ocrisia
2616,vladislau,hersilia
2617,beoto,ecai
2618,armand,anjuta
2619,seneca,ajyra
2620,ward,gersam
2621,apeles,polinea
2622,cobi,bizet
2623,crispo,euriale
2624,aladino,jenifari
2625,reed,zea
2626,azair,gleusa
2627,taufik,palani
2628,cabucu,adrastea
2629,macenas,canirim
2630,adelelmo,sicupira
2631,aimbere,arriaga
2632,duprat,ekika
2633,kento,ermesinda
2634,andronico,igapira
2635,laudo,tabira
2636,gualtiero,djalmira
2637,pelegrino,peike
2638,morpheu,adalfreda
2639,tansy,batistina
2640,arden,idesta
2641,feres,aricina
2642,realengo,benoite
2643,vandique,macaria
2644,bloch,quelidonia
2645,rodovaldo,ibarama
2646,elam,armida
2647,marigold,aracne
2648,rigoberto,bonifacia
2649,reuben,emelia
2650,fradique,somina
2651,kini,aricema
2652,pacifico,galata
2653,iran,aracunda
2654,araripe,izilcara
2655,cesarino,goiana
2656,mencio,jacinira
2657,naahman,oricema
2658,quelidonio,adalvina
2659,quental,tabacema
2660,ulva,keki
2661,earl,alcipe
2662,iwin,canet
2663,tebas,kanake
2664,tecoara,apikalia
2665,koch,argira
2666,reynold,lekinala
2667,pavlov,pelike
2668,bachir,poguira
2669,kuri,adelfa
2670,nader,amosia
2671,sansone,iratama
2672,pelagio,jaciaba
2673,jovito,nereza
2674,iguatemi,rocema
2675,dalmiro,zelenka
2676,sertorio,anaja
2677,adamantino,basiliana
2678,baependi,ecira
2679,zahrah,taigete
2680,arinos,crespi
2681,burton,camby
2682,kaloka,mucia
2683,tovar,bambui
2684,democrito,grata
2685,freja,arrieta
2686,mater,aracema
2687,page,macris
2688,paqueta,odemara
2689,pierluigi,pocema
2690,cercion,jeceara
2691,machiavel,alcacova
2692,oriba,burle
2693,diocles,hipereides
2694,maximiniana,kalolaina
2695,foster,nilme
2696,quotar,fatua
2697,aristofanes,ipoema
2698,peresia,ecauna
2699,feital,adonica
2700,arariboia,juvenca
2701,jorie,eiruba
2702,honorino,halikaka
2703,lahanau,candia
2704,rae,ibiara
2705,aderico,ibotira
2706,colton,neica
2707,florian,getulia
2708,etel,armia
2709,orebe,camury
2710,kremer,kanakake
2711,absirto,anarcase
2712,akamu,fulgencia
2713,catulo,ecaiara
2714,lupicinio,benevola
2715,wolfran,anadionema
2716,egido,antoinete
2717,fidias,galeba
2718,valteno,roquira
2719,berilio,baepeba
2720,seleno,cendyl
2721,halehale,caitria
2722,egeu,lekana
2723,hermeto,zehava
2724,kanaua,zerlinda
2725,alfio,agnodice
2726,aristobulo,cafene
2727,adalmiro,pololena
2728,hogo,angenora
2729,raoul,itanema
2730,agledes,keakakona
2731,clodoveu,tacicema
2732,vadim,amicia
2733,mazagao,adalberia
2734,dalberto,manhana
2735,goldman,ortigia
2736,cirano,kabza
2737,bensabat,iacee
2738,palas,haideia
2739,friederike,lemuela
2740,epi,caassica
2741,garret,tadeia
2742,naam,aldaira
2743,sigmar,arrife
2744,adamir,iberaba
2745,yvette,balsamina
2746,bachmann,camapua
2747,fidencio,ednie
2748,nadal,flaminia
2749,patrocles,adelmarina
2750,takafumi,tolinda
2751,xenos,ecara
2752,amaro,aonia
2753,boyd,cajaty
2754,carian,emereciano
2755,caronte,adalfrida
2756,edvino,leucosia
2757,menandro,hekele
2758,nardini,peddy
2759,cleodoro,ereima
2760,ursel,cabira
2761,edberto,taciata
2762,noreen,zilema
2763,arduino,madelberta
2764,adoniram,amalberga
2765,adolphus,geia
2766,malquiel,noleka
2767,xantipa,anaxarete
2768,heidrun,alepeka
2769,lalela,almeidna
2770,moritz,clitia
2771,pasini,narea
2772,gaylord,pelena
2773,menelau,taciquara
2774,volimar,estacia
2775,hortensio,napeia
2776,camarao,paneki
2777,erminio,guaracema
2778,tamandare,hekewika
2779,gabrio,aedona
2780,gracinaldo,maricilia
2781,yair,ibitira
2782,berthold,nuncia
2783,odo,tecarema
2784,imamaiah,idere
2785,baltar,ilione
2786,marni,dicea
2787,seamus,galdencia
2788,jorio,lelanta
2789,majui,nemeia
2790,moamede,noea
2791,andrzej,ecabara
2792,behael,astora
2793,wikoli,ibaretama
2794,ataulfo,antelma
2795,odemar,ednare
2796,bertino,placidia
2797,calistrato,dinartea
2798,fidio,nolemana
2799,fidelio,maraneima
2800,francilio,anselme
2801,hiroito,emaci
2802,conte,ibiuna
2803,nazariel,palapi
2804,ibura,peakalika
2805,bahman,neofita
2806,isauro,eucleia
2807,fajardo,gerania
2808,kaspar,palapala
2809,cedar,alteia
2810,apiuna,arinha
2811,quintus,bersabe
2812,ranildo,anselmina
2813,xanthe,basina
2814,eldred,juatama
2815,maedra,ikepela
2816,antioco,banabil
2817,aukanaii,artemide
2818,horton,domencia
2819,uba,alekona
2820,climerio,amaltrudes
2821,feron,eucadia
2822,zandona,beroe
2823,bretas,blandicia
2824,hidetaka,iane
2825,xenofontes,edagmara
2826,aquias,ladaria
2827,hira,dorida
2828,manes,apoedia
2829,ismenio,ifimedia
2830,briseu,imelde
2831,iamana,heradia
2832,arati,climenia
2833,militino,chandali
2834,amonati,calidice
2835,saverio,gelasia
2836,lemoine,ipana
2837,florestano,canace
2838,iluminato,androcleia
2839,dedalo,anemola
2840,manuku,aeropa
2841,nydia,heracleia
2842,durand,pololika
2843,kermit,ibiama
2844,constante,polimela
2845,reinoldo,ecaraia
2846,antoniano,pakelekia
2847,gandolfo,andramaca
2848,narcisio,guarauna
2849,agostino,entoria
2850,baraquias,baucide
2851,egil,garamantia
2852,temis,ibiacema
2853,adari,cembira
2854,euterpe,cimeina
2855,tilde,gamelia
2856,nabih,cipouna
2857,menescal,helancia
2858,petronilho,ebira
2859,koni,genetilides
2860,rembrandt,clinia
2861,izolino,iodamia
2862,antistenes,anticleia
2863,mairare,cambycara
2864,mauliola,clintia
2865,armim,palakine
2866,landolfo,palakika
2867,ivai,ecalia
2868,binder,colchida
2869,zephan,ibaranta
2870,tolmai,canara
2871,abstemio,ecajira
2872,eligio,thayssa
2873,vergueiro,nan
2874,huberto,beatriz
2875,nemestrino,julia
2876,setimo,alice
2877,dulcidio,hapuque
2878,asma,sofia
2879,galvino,jose
2880,sofocles,de
2881,amintor,do
2882,celerino,gabriela
2883,servio,da
2884,kola,joao
2885,maarten,das
2886,patsy,aracy
2887,parsifal,heliodora
2888,undine,
2889,bristol,
2890,daciano,
2891,zelotes,
2892,biron,
2893,gelson,
2894,festo,
2895,oritia,
2896,phelan,
2897,maicol,
2898,polibio,
2899,alcido,
2900,anquises,
2901,kiliano,
2902,cleonie,
2903,noela,
2904,clito,
2905,fanor,
2906,halevi,
2907,tissot,
2908,neves,
2909,zebadiah,
2910,acarnane,
2911,fingal,
2912,ruperto,
2913,ivaldir,
2914,ximen,
2915,perito,
2916,academos,
2917,salmoneu,
2918,sampson,
2919,sigefredo,
2920,orson,
2921,acanto,
2922,gelmires,
2923,xanthus,
2924,antidio,
2925,felisbelo,
2926,hartwig,
2927,palmiro,
2928,arari,
2929,lamech,
2930,anacreonte,
2931,adrovaldo,
2932,morrice,
2933,raghu,
2934,plutarco,
2935,aeneas,
2936,regulo,
2937,piercarlo,
2938,likeke,
2939,xenocrates,
2940,ibaque,
2941,alcer,
2942,campesino,
2943,isaia,
2944,talbot,
2945,basil,
2946,malque,
2947,maurici,
2948,opira,
2949,onelio,
2950,borislav,
2951,mecenas,
2952,radamanto,
2953,andomar,
2954,himeneu,
2955,jonio,
2956,serafino,
2957,hartmut,
2958,crasso,
2959,ibanez,
2960,jaciendi,
2961,scalco,
2962,lopine,
2963,obulo,
2964,rigoleto,
2965,agapanto,
2966,adjuto,
2967,balboa,
2968,fido,
2969,assaradon,
2970,eidil,
2971,ibiri,
2972,juacir,
2973,kenana,
2974,macedonio,
2975,taras,
2976,torrance,
2977,agnato,
2978,alienor,
2979,mazzaroti,
2980,kedar,
2981,dieneces,
2982,badin,
2983,polidoro,
2984,keamuka,
2985,madge,
2986,pelopidas,
2987,agasias,
2988,lubomir,
2989,adamanto,
2990,aldegunde,
2991,nevio,
2992,frontin,
2993,sezefredo,
2994,agron,
2995,apolino,
2996,venerando,
2997,faon,
2998,palmer,
2999,crispiano,
3000,fatuo,
3001,himineu,
3002,zeto,
3003,almerio,
3004,xarif,
3005,ganimedes,
3006,zancheta,
3007,calamo,
3008,cataldi,
3009,raban,
3010,polonio,
3011,arapua,
3012,casimir,
3013,walger,
3014,acaco,
3015,osvino,
3016,robine,
3017,lacirandy,
3018,meehiel,
3019,ulpiano,
3020,zalman,
3021,idril,
3022,isnardo,
3023,cajuru,
3024,faizel,
3025,laheto,
3026,ateneu,
3027,oberto,
3028,zerbini,
3029,bark,
3030,edwino,
3031,eleotero,
3032,kamadeva,
3033,kamona,
3034,aratama,
3035,idalio,
3036,albion,
3037,roquete,
3038,hildefonso,
3039,berghaman,
3040,ansur,
3041,arare,
3042,fagundo,
3043,ladislas,
3044,magino,
3045,cleonte,
3046,oko,
3047,zaccheus,
3048,clancy,
3049,danuto,
3050,koma,
3051,neofito,
3052,norris,
3053,ihilane,
3054,dioros,
3055,melvino,
3056,catao,
3057,hanibal,
3058,mirno,
3059,acates,
3060,acis,
3061,adeltrudes,
3062,donatien,
3063,eton,
3064,antar,
3065,perilo,
3066,perminio,
3067,ariberto,
3068,clausio,
3069,jecabebe,
3070,peracio,
3071,elisario,
3072,kaniela,
3073,odelio,
3074,argaios,
3075,odemiro,
3076,azim,
3077,rogato,
3078,acilino,
3079,anto,
3080,arrigo,
3081,leagro,
3082,iakopa,
3083,placidio,
3084,diomiro,
3085,apio,
3086,bogdana,
3087,clotario,
3088,lamaki,
3089,acace,
3090,acineto,
3091,tanja,
3092,loresio,
3093,menotti,
3094,quentel,
3095,ualri,
3096,chamberlaim,
3097,adalfredo,
3098,jacimira,
3099,zattera,
3100,fedro,
3101,jannike,
3102,obajara,
3103,lamberto,
3104,palatino,
3105,valdivio,
3106,itatiba,
3107,adalvino,
3108,guacu,
3109,sabatino,
3110,polifemo,
3111,alcis,
3112,baio,
3113,genciano,
3114,zareh,
3115,apollinare,
3116,fulton,
3117,kailola,
3118,gerin,
3119,omero,
3120,zanchi,
3121,aglaio,
3122,asileu,
3123,bacuara,
3124,kalawina,
3125,nohouka,
3126,uirandi,
3127,vilalobos,
3128,aidoneus,
3129,araguaci,
3130,esmond,
3131,aleo,
3132,galates,
3133,keopele,
3134,leuce,
3135,lavinio,
3136,anco,
3137,roedel,
3138,brenho,
3139,ekena,
3140,kamadewa,
3141,piraju,
3142,fauno,
3143,federigo,
3144,pace,
3145,pindara,
3146,clemencio,
3147,grino,
3148,alebion,
3149,arcade,
3150,melaneu,
3151,aldomiro,
3152,yates,
3153,apolodoro,
3154,vonda,
3155,camiro,
3156,goulard,
3157,hanom,
3158,jardano,
3159,bartinik,
3160,colatino,
3161,kameahookohoia,
3162,adelpho,
3163,alaude,
3164,damastor,
3165,dardeno,
3166,obadia,
3167,waltrode,
3168,bertrando,
3169,oquena,
3170,agliberto,
3171,apelis,
3172,anselm,
3173,jaqui,
3174,pakile,
3175,pandareu,
3176,bertagnoli,
3177,flaminio,
3178,garth,
3179,hilderico,
3180,kaakakona,
3181,tomasio,
3182,berardo,
3183,jati,
3184,upira,
3185,arns,
3186,dolabela,
3187,mentor,
3188,hurassi,
3189,noemio,
3190,agesilau,
3191,egbert,
3192,calino,
3193,odilardo,
3194,icario,
3195,ampliato,
3196,heraclio,
3197,robby,
3198,zarao,
3199,eudoro,
3200,rigotto,
3201,simpliciano,
3202,tomer,
3203,wunibald,
3204,ihilani,
3205,ingomar,
3206,nazareh,
3207,balster,
3208,blandino,
3209,selmiro,
3210,iba,
3211,eala,
3212,gurinhem,
3213,laodice,
3214,rhett,
3215,carmeliano,
3216,konder,
3217,ipupiara,
3218,keokolo,
3219,ibirajara,
3220,barnaby,
3221,bengt,
3222,epimenides,
3223,perato,
3224,algar,
3225,belquir,
3226,faustolo,
3227,fayard,
3228,lisarte,
3229,upton,
3230,benevolo,
3231,durward,
3232,fedon,
3233,capitolino,
3234,faros,
3235,mirtos,
3236,narceu,
3237,arco-verde,
3238,blando,
3239,bonifante,
3240,osirio,
3241,ibiraci,
3242,icer,
3243,eulino,
3244,piaso,
3245,berengar,
3246,eufranor,
3247,lokene,
3248,iseu,
3249,acemiro,
3250,aleardo,
3251,andromico,
3252,antenore,
3253,forel,
3254,kamuela,
3255,lacio,
3256,gumersindo,
3257,helge,
3258,agatocles,
3259,atamante,
3260,navito,
3261,tagar,
3262,savedro,
3263,obadias,
3264,arnolfo,
3265,filodemo,
3266,gedao,
3267,tapira,
3268,alexino,
3269,belerofonte,
3270,roald,
3271,alapaki,
3272,apollinairis,
3273,jaromir,
3274,timeus,
3275,itapoa,
3276,hanauhou,
3277,jouvin,
3278,caeculus,
3279,quiromeu,
3280,igaci,
3281,camron,
3282,macrino,
3283,ediseu,
3284,anta,
3285,contardo,
3286,itajui,
3287,damocles,
3288,herodiao,
3289,albuim,
3290,alcioneu,
3291,cario,
3292,yente,
3293,henele,
3294,rosamundo,
3295,ermirio,
3296,estentor,
3297,helotes,
3298,teocrito,
3299,xanto,
3300,busmeyer,
3301,espartaco,
3302,antiloco,
3303,febo,
3304,tarsilio,
3305,caoilainn,
3306,milciades,
3307,ranald,
3308,peke,
3309,caon,
3310,muciano,
3311,afrodisio,
3312,abundancio,
3313,galieno,
3314,henoheno,
3315,iamo,
3316,firminiano,
3317,rodel,
3318,tersandro,
3319,yentil,
3320,almasor,
3321,gertraud,
3322,jurece,
3323,lopaka,
3324,ulando,
3325,kapane,
3326,copernico,
3327,laval,
3328,modestino,
3329,agapio,
3330,epicasta,
3331,mancio,
3332,basilino,
3333,eliasoe,
3334,liberatore,
3335,oberico,
3336,tosin,
3337,icanor,
3338,agapenor,
3339,saber,
3340,arace,
3341,arnulfo,
3342,astemio,
3343,faris,
3344,luciolo,
3345,erard,
3346,galeso,
3347,lanakala,
3348,danao,
3349,mahafara,
3350,ovid,
3351,filiberto,
3352,anticiro,
3353,baldomero,
3354,neleu,
3355,ibate,
3356,baiardo,
3357,palakiko,
3358,tercero,
3359,palemon,
3360,albarino,
3361,paquerer,
3362,eberaldo,
3363,ekeka,
3364,mader,
3365,alcidamo,
3366,darceno,
3367,ecleu,
3368,palona,
3369,arionte,
3370,idomeu,
3371,belamino,
3372,democrates,
3373,sepetiba,
3374,czeslaw,
3375,fenaio,
3376,itapolis,
3377,agelau,
3378,volnei,
3379,frabriciano,
3380,vigilio,
3381,eunapio,
3382,abundio,
3383,cisseu,
3384,kamby,
3385,anastasius,
3386,dalmacio,
3387,gaditano,
3388,kapila,
3389,oquira,
3390,tanuz,
3391,policleto,
3392,baldovino,
3393,nupeba,
3394,sabiano,
3395,bonjy,
3396,acursio,
3397,arvidio,
3398,caulon,
3399,heneliaka,
3400,bermondo,
3401,daltivo,
3402,araguarino,
3403,ocimar,
3404,ibare,
3405,ligorio,
3406,quintilo,
3407,apolinio,
3408,apolonios,
3409,bogumil,
3410,kolomona,
3411,nuncio,
3412,ehu,
3413,lubomira,
3414,ormeno,
3415,idario,
3416,anaxarco,
3417,meneceu,
3418,agamedes,
3419,eacido,
3420,geremaro,
3421,hauolimau,
3422,lepido,
3423,meakiai,
3424,menipo,
3425,niceforo,
3426,aquilio,
3427,emara,
3428,manaoio,
3429,icem,
3430,aristocles,
3431,leupena,
3432,paracambi,
3433,anaxagoras,
3434,eumelo,
3435,admeto,
3436,anteu,
3437,odenato,
3438,retama,
3439,jacqui,
3440,aracae,
3441,dagomar,
3442,jabino,
3443,pandoro,
3444,acio,
3445,albornoz,
3446,alcidano,
3447,oderico,
3448,ogden,
3449,aquilao,
3450,baldomar,
3451,colomano,
3452,jacinir,
3453,gabinio,
3454,venturada,
3455,aristodemo,
3456,atico,
3457,elzeario,
3458,gesuino,
3459,rodusino,
3460,igapi,
3461,elpenor,
3462,baleo,
3463,obiru,
3464,udalrico,
3465,unxia,
3466,parigot,
3467,apolinaire,
3468,aresio,
3469,nolana,
3470,ibiacu,
3471,pali,
3472,rozamondo,
3473,basiliano,
3474,cicreu,
3475,evaisto,
3476,icra,
3477,aglaupo,
3478,almaquio,
3479,basilides,
3480,adelmarino,
3481,cupelo,
3482,darcenio,
3483,radulfo,
3484,perseveranda,
3485,flabela,
3486,itaco,
3487,javano,
3488,segismondo,
3489,paladio,
3490,meliteu,
3491,balbo,
3492,manrico,
3493,agustine,
3494,dieudonee,
3495,javae,
3496,jepiara,
3497,laudalio,
3498,alcandro,
3499,antiope,
3500,eginardo,
3501,epicuro,
3502,lacinio,
3503,bertario,
3504,dascilo,
3505,potengy,
3506,badui,
3507,andocides,
3508,antal,
3509,ladario,
3510,alepeleko,
3511,epicares,
3512,filareto,
3513,xantipo,
3514,radagasio,
3515,iatai,
3516,ondrej,
3517,beaulah,
3518,borghild,
3519,idomeneu,
3520,essoby,
3521,inande,
3522,arajuba,
3523,fascinio,
3524,erardo,
3525,salustio,
3526,pisandro,
3527,radomil,
3528,roaldo,
3529,belgio,
3530,eson,
3531,lokelika,
3532,mazagoua,
3533,naindi,
3534,simaco,
3535,batistino,
3536,uolace,
3537,itono,
3538,ekewaka,
3539,leodonia,
3540,arator,
3541,calidno,
3542,celico,
3543,penia,
3544,balderico,
3545,adalrico,
3546,manualdo,
3547,boiardo,
3548,cleonides,
3549,colombino,
3550,loteno,
3551,ormeo,
3552,zadeao,
3553,hokuokekai,
3554,pirene,
3555,faetonte,
3556,ekemona,
3557,eumenes,
3558,ladao,
3559,marsilio,
3560,agilio,
3561,nolepeleko,
3562,agilulfo,
3563,gratiano,
3564,itubore,
3565,periclesia,
3566,saiao,
3567,tecaberaba,
3568,pitane,
3569,delfico,
3570,laoconte,
3571,meneleu,
3572,parisio,
3573,solomao,
3574,geriao,
3575,liouba,
3576,taciguara,
3577,inalecio,
3578,aristodemos,
3579,esidio,
3580,fedalto,
3581,ubauna,
3582,alfeno,
3583,ansaldo,
3584,dobromil,
3585,ojibe,
3586,sigeberto,
3587,palamedes,
3588,penrod,
3589,elquenor,
3590,aimao,
3591,demarato,
3592,ekualo,
3593,esmondo,
3594,caridoto,
3595,urtigao,
3596,drimaco,
3597,odulfo,
3598,ibacem,
3599,copreu,
3600,epiteto,
3601,japer,
3602,polifeno,
3603,ampelio,
3604,catreu,
3605,albatenio,
3606,alboino,
3607,anceu,
3608,belamiro,
3609,ebalo,
3610,pascacio,
3611,aldonca,
3612,belcanto,
3613,lacedemon,
3614,albilio,
3615,ibiraja,
3616,adigenio,
3617,celeo,
3618,ubandara,
3619,cefeu,
3620,dicteu,
3621,ecapira,
3622,epigone,
3623,lalepa,
3624,icilio,
3625,anselmino,
3626,obita,
3627,tecobiara,
3628,palaka,
3629,antigowa,
3630,emare,
3631,oholupalupa,
3632,idmon,
3633,eurodo,
3634,hersilio,
3635,sinoe,
3636,parmenio,
3637,jacicoe,
3638,oivario,
3639,partenope,
3640,cecrops,
3641,euquenor,
3642,fileas,
3643,hierocles,
3644,ifigenio,
3645,alciao,
3646,ortigao,
3647,semaco,
3648,panfilo,
3649,araipe,
3650,anapio,
3651,aspasio,
3652,fegeu,
3653,elato,
3654,penalvo,
3655,solimao,
3656,temao,
3657,ufente,
3658,ictino,
3659,agrecio,
3660,alcimene,
3661,ansberto,
3662,acurio,
3663,apoinar,
3664,laberio,
3665,acteao,
3666,antemio,
3667,araiba,
3668,cleomedes,
3669,felenio,
3670,sofronio,
3671,terensis,
3672,laodamia,
3673,gracilio,
3674,graciniato,
3675,tarquecio,
3676,hisiodo,
3677,aristagoras,
3678,aristofilo,
3679,frontis,
3680,tarcao,
3681,clancio,
3682,fiacrio,
3683,basilindo,
3684,tapiraca,
3685,antitio,
3686,hormenio,
3687,eumenis,
3688,hironides,
3689,obeima,
3690,oduino,
3691,balbilio,
3692,antalcidas,
3693,antimaco,
3694,candole,
3695,antipara,
3696,apicio,
3697,barsare,
3698,hoirandi,
3699,reis,
3700,de,
3701,claudia,
3702,kardec,
